{"siatelin": [1694.4085803584142, 705089.7669672588], "\u963f\u5db3Dylan": [77.8125, 14.131326269418961]}