{"siatelin": [5248.164959900944, 478945.2226728219], "\u963f\u5db3Dylan": [474.2395232025288, 112.13788299834273], "yory": [553.4157116479704, 131.34306438369296]}