{"siatelin": [1757.503818453652, 576926.2058407028], "\u963f\u5db3Dylan": [77.8125, 14.131326269418961]}